{
  "reviews": [
    {
      "id": 1,
      "title": "Very tasty",
      "rating": 5,
      "content": "Lorem ipsum dolor sit amet, consectetur adipiscing elit. Quis fugiat totam nulla non minus vitae molestias repellendus quam eligendi velit. Aut malesuatis.",
      "author": "Emma Newman",
      "authorImage": "/profile1.jpg"
    },
    {
      "id": 2,
      "title": "I have lunch here every day",
      "rating": 5,
      "content": "Lorem ipsum dolor sit amet, consectetur adipiscing elit. Quis fugiat totam nulla non minus vitae molestias repellendus quam eligendi velit. Aut malesuatis.",
      "author": "Paul Trueman",
      "authorImage": "/profile2.jpg"
    }
  ]
}